serialNumber,model,manufacturer,mac,ipv4,ipv6,firmware,positionX,positionY,altitude,lastSeen, closestPosition x, closestPosition y
SN-nJZ0fxlmkH,HRP-DRP 1 Pro,ProDröne Ltd,c5:98:82:0b:49:be,91.32.143.191,6b47:acab:c32c:7cfe:e916:7fdd:d339:e5eb,9.7.3,68353.59040948076,411768.3952696941,4451.743847548145,1672741104.686,195809.75148153646,207480.65355171062,
SN-_-K2sMLZ-m,HRP-DRP 1 Pro,ProDröne Ltd,e6:38:b6:f1:6f:4e,90.208.206.161,236a:9b2c:056b:e0c2:5550:3d52:5961:8b27,7.1.3,101629.07303606205,390850.96000790707,4996.621762182708,1672741104.686,49685.58092483911,253339.71017302875,
SN-wPZ9BgpcPB,Eagle,MegaBuzzer Corp,46:a1:89:ae:74:f8,56.182.72.53,5cdc:a314:c748:740a:dab9:d3bf:3570:48e8,4.8.6,370283.31559215375,389022.90695955075,4466.130016291423,1672741104.686,370283.31559215375,389022.90695955075,
