serialNumber,model,manufacturer,mac,ipv4,ipv6,firmware,positionX,positionY,altitude,lastSeen, closestPosition x, closestPosition y
SN-B8GR_VG0mu,Mosquito,MegaBuzzer Corp,2b:a7:94:13:0f:20,145.162.163.104,0749:757d:f3a7:02ab:1868:5e1b:d412:836d,8.9.1,434354.3434783794,223570.48539253074,4244.562691077921,1672687972.41,343138.3286316066,215296.6615004611,
SN-wMmxMzIfoP,HRP-DRP 1 S,ProDröne Ltd,6a:c4:1d:64:4c:a5,86.14.3.48,ec2b:5c29:0ccb:256f:1e43:e4c2:b8b9:67d6,2.3.6,397452.32902041846,401540.93387951766,4921.267796998201,1672687972.41,397452.32902041846,401540.93387951766,
SN-I6NEX1WGAX,HRP-DRP 1 Pro,ProDröne Ltd,dd:dd:74:f8:c0:6e,172.73.246.55,543d:98c8:041f:3b21:449c:a61f:dfab:525e,9.6.2,345028.4239678391,216893.76062169854,4846.680051421467,1672687972.41,345028.4239678391,216893.76062169854,
