serialNumber,model,manufacturer,mac,ipv4,ipv6,firmware,positionX,positionY,altitude,lastSeen
SN-cGd1dLckqG,Mosquito,MegaBuzzer Corp,25:eb:b4:03:1d:83,167.184.71.78,61d1:2e36:71bc:1d0a:8931:6535:ac15:d1c7,2.8.2,48647.81284170972,108428.46062148798,4628.094055792282,1672680921.907,[1, 1],
SN-N5FSqQjhj7,Eagle,MegaBuzzer Corp,84:99:0c:68:9b:2d,207.174.216.251,7b33:b10f:a25a:1812:e873:b728:8d22:12aa,8.5.9,239722.89489614268,183217.65926176726,4500.009846618518,1672680921.907,[1, 1],
SN-yYosZLorGy,HRP-DRP 1 Pro,ProDröne Ltd,34:79:41:75:53:9d,150.37.186.116,3da3:708f:bb2e:aee4:6e52:a7d4:cf94:3bb1,4.7.8,185007.30037442257,217519.10787803007,4398.786220169614,1672680921.907,[1, 1],
