serialNumber,model,manufacturer,mac,ipv4,ipv6,firmware,positionX,positionY,altitude,lastSeen, closestPosition x, closestPosition y
SN-y4CIWfxMxl,HRP-DRP 1 Pro,ProDröne Ltd,1b:e4:34:81:35:a9,100.200.167.166,2d58:4bab:f82d:695c:2582:4718:ac2d:5e36,5.1.0,262578.8562814944,85670.91835443716,4432.035702353687,1672745390.412,266610.34821204864,252450.4400619717,
SN-aQWwIQ86pc,Falcon,MegaBuzzer Corp,57:39:5e:13:a0:20,1.101.87.68,0736:bc58:2fdd:7ea7:f509:7455:8f7b:bd08,8.4.2,396727.5282396395,109029.05693723026,4058.454575100625,1672745390.412,278529.2471868044,266471.91276279034,
SN-noMuJB4YM1,Eagle,MegaBuzzer Corp,d3:cb:42:33:b3:af,181.75.205.224,c0c8:47a2:86bc:1e41:fc5a:ec31:b218:9a61,9.8.7,64551.00654371896,397924.0372444632,4178.153908790221,1672745390.412,26561.564107960072,269668.34107501875,
SN-KslYpzdKIz,Mosquito,MegaBuzzer Corp,7e:6e:4d:fd:e9:f5,133.174.150.68,4c1a:39b3:0fec:d098:4e60:f9f2:a59f:e714,3.3.3,282702.98211209284,66489.40546651417,4002.297060555097,1672745390.412,282702.98211209284,66489.40546651417,
SN-bWADUhL0vG,Eagle,MegaBuzzer Corp,bf:23:96:4b:ca:8e,222.141.124.235,6c83:7918:41dd:2e45:a5e1:c4e0:d493:1755,8.0.7,369787.43376339145,164684.6970275781,4235.441811979459,1672745390.412,369787.43376339145,164684.6970275781,
