serialNumber,model,manufacturer,mac,ipv4,ipv6,firmware,positionX,positionY,altitude,lastSeen, closestPosition x, closestPosition y
SN-b4BZhOuab_,HRP-DRP 1 Pro,ProDröne Ltd,25:c5:d1:10:a1:65,105.90.186.197,0295:8113:6a5e:06e2:4315:4b9f:569c:ad24,0.2.6,49027.055661759754,401865.73449172865,4090.6434557863413,1672748154.764,234062.18685107425,259466.05397709188,
SN-EnDAIuXrUj,HRP-DRP 1 S,ProDröne Ltd,54:9d:7a:d5:1a:3d,95.226.245.202,7938:1b8a:baef:d33f:55ec:19ad:484f:b047,6.0.8,366848.23770285357,130003.0554089355,4390.070241428859,1672748154.764,237735.56161220017,222511.22028537837,
SN-5A22uLhAAt,Eagle,MegaBuzzer Corp,1a:a2:c1:4d:ee:26,238.65.88.206,5c54:5755:0690:3aff:a9ee:2f6f:9937:2867,6.4.9,401481.80934183736,113499.9923544928,4138.145845242325,1672748154.764,286800.3808238447,90701.21481990977,
SN-FfmsG6TdqD,Altitude X,DroneGoat Inc,08:f6:30:22:f1:be,105.66.230.253,5cf8:9227:4d24:097f:6e8c:63d4:5d30:4d3c,6.9.6,230180.76883191997,439097.42882762745,4561.113453999751,1672748154.764,230180.76883191997,439097.42882762745,
SN-ggQfK10D-m,Altitude X,DroneGoat Inc,90:9b:e2:a5:4f:0e,46.161.239.26,34a4:6b0e:b072:92a8:cd4f:d6a6:7091:6d8c,2.6.0,406323.8522427812,235627.9295299614,4384.668207962796,1672748154.764,406323.8522427812,235627.9295299614,
