serialNumber,model,manufacturer,mac,ipv4,ipv6,firmware,positionX,positionY,altitude,lastSeen, closestPosition x, closestPosition y
SN-WxK9BCFRa-,Altitude X,DroneGoat Inc,80:90:8d:76:76:7b,130.179.34.196,0d0a:9de5:84ad:90c7:98bd:c34d:16b0:f839,4.3.9,48422.584732384305,190900.2688327158,4450.586092962984,1672743722.327,311380.2958594249,141930.36485465828,
SN-mOh49ruOMr,Altitude X,DroneGoat Inc,5c:b1:b2:08:60:af,117.10.132.175,c645:fcd9:c648:c4dc:07fc:7ca1:14f9:2f87,5.1.3,241705.11631934202,308734.67949810036,4877.408443376822,1672743722.327,245415.59147583,246913.10326357035,
SN-B4jwDcBmof,HRP-DRP 1 Pro,ProDröne Ltd,78:68:61:c8:df:4d,205.142.10.54,480f:5c96:9af9:9391:c283:dd4a:468a:0661,9.7.2,7288.0439225836,139897.91768104385,4213.502245686118,1672743722.327,95600.7000837798,211866.37835794932,
SN-zy0-FqbuhX,HRP-DRP 1 S,ProDröne Ltd,66:92:e1:f0:99:26,174.199.188.89,9977:a8f4:47c7:b9b1:18ef:24ac:ad61:fc0f,2.6.3,445497.1656922109,234090.05823743477,4517.967620246381,1672743722.327,349178.5649674673,258871.9111646718,
SN-ycReUaZv95,HRP-DRP 1 Max,ProDröne Ltd,36:ce:83:ca:cb:89,38.87.245.221,5a29:103f:0660:2ce6:f817:4739:5089:8d86,0.4.3,420691.78553773626,101044.03865977938,4334.193695213778,1672743722.327,332695.1460751987,285893.86020759185,
