serialNumber,model,manufacturer,mac,ipv4,ipv6,firmware,positionX,positionY,altitude,lastSeen, closestPosition x, closestPosition y
SN-LqYkxOZBNe,Eagle,MegaBuzzer Corp,56:0d:a3:03:a2:4a,23.110.188.186,4f40:def3:d29c:43a2:bc23:d7bf:a26f:7a7c,3.2.2,223937.2412344752,285938.89513140894,4297.519051960095,1672746049.155,221571.13746319682,255231.34299770405,
SN-8pVxjKmNFX,Mosquito,MegaBuzzer Corp,a9:60:5b:88:50:19,96.134.166.66,706d:9137:bebf:e20c:9282:71b7:a38f:59da,6.0.8,337443.91721385275,457798.56927826407,4601.440337621145,1672746049.155,303909.9325744339,259309.30261358013,
SN-J-wJ4IUNfi,Altitude X,DroneGoat Inc,ca:cc:50:b8:53:a1,111.115.181.11,b141:ea19:5ecd:8a4d:cdc7:60db:05cf:302f,7.2.0,295872.0464729739,277341.5471026389,4645.841054866588,1672746049.155,295872.0464729739,277341.5471026389,
SN-Ol4gD2U-wS,HRP-DRP 1 S,ProDröne Ltd,fa:71:23:98:01:d6,69.159.139.124,4c31:096b:1155:8023:501d:238a:25df:db10,3.7.0,459842.2355768155,187293.8628806239,4243.118048934398,1672746049.155,466044.4173398329,222376.2971041369,
SN-ivtmrIt1pm,Falcon,MegaBuzzer Corp,e1:ca:a4:20:27:c2,37.243.40.19,b31b:e175:14f3:d67b:1c0e:2ada:8ddf:a478,7.1.2,147902.9705897692,163246.618442117,4997.76952155791,1672746049.155,147902.9705897692,163246.618442117,
