serialNumber,model,manufacturer,mac,ipv4,ipv6,firmware,positionX,positionY,altitude,lastSeen, closestPosition x, closestPosition y
SN-nuzpuYE9_p,Falcon,MegaBuzzer Corp,61:ee:5f:1d:11:11,121.173.169.24,3cc4:8b4f:a59d:58ad:aa92:e5da:ec56:c8b2,9.0.3,53701.19431243022,309663.88756644604,4479.228732927209,1672747594.333,251722.2918987884,236498.2820032967,
SN-NJtdXrjy11,Mosquito,MegaBuzzer Corp,aa:b2:cb:35:d1:f7,18.147.239.3,8bce:d3f6:8563:ebbf:d326:c740:764c:5613,4.9.3,322128.1208622586,237607.70359103873,4511.8329552155255,1672747594.333,322128.1208622586,237607.70359103873,
SN-Rj6juluE35,Altitude X,DroneGoat Inc,ea:17:ea:5b:58:3f,128.81.147.74,c3ba:5ea0:c5d6:3585:b0f7:5baa:dccb:5ca7,8.8.7,366433.107456377,297424.7082265306,4363.228398064523,1672747594.333,298539.69779122126,344149.02409994166,
